Question ID,Question,Rank,Answer,Points
1,Name something people do immediately after waking up,1,Check their phone,32
1,Name something people do immediately after waking up,2,Turn off the alarm / snooze,24
1,Name something people do immediately after waking up,3,Use the bathroom,18
1,Name something people do immediately after waking up,4,Stretch or yawn,11
1,Name something people do immediately after waking up,5,Brush their teeth,7
1,Name something people do immediately after waking up,6,Make coffee or tea,5
1,Name something people do immediately after waking up,7,Go back to sleep,3
2,Name something people do in an elevator when they are alone,1,Take selfie / make reels,28
2,Name something people do in an elevator when they are alone,2,Pant adjusting / hair adjusting,22
2,Name something people do in an elevator when they are alone,3,Sing / hum music,16
2,Name something people do in an elevator when they are alone,4,Pick your nose / clean your mouth,14
2,Name something people do in an elevator when they are alone,5,Dancing,10
2,Name something people do in an elevator when they are alone,6,Farting,6
2,Name something people do in an elevator when they are alone,7,Press all the buttons,4
3,Name a good place to go when you want to cry,1,Bedroom,34
3,Name a good place to go when you want to cry,2,Bathroom,26
3,Name a good place to go when you want to cry,3,Mom's lap,15
3,Name a good place to go when you want to cry,4,Friend,10
3,Name a good place to go when you want to cry,5,Terrace / balcony,7
3,Name a good place to go when you want to cry,6,Beach / park,5
3,Name a good place to go when you want to cry,7,Worship place,3
4,"Name a ""throwback"" cartoon show that teens love to watch",1,Tom and Jerry,31
4,"Name a ""throwback"" cartoon show that teens love to watch",2,Shinchan,21
4,"Name a ""throwback"" cartoon show that teens love to watch",3,Doraemon,17
4,"Name a ""throwback"" cartoon show that teens love to watch",4,Ben 10,13
4,"Name a ""throwback"" cartoon show that teens love to watch",5,Pokemon,9
4,"Name a ""throwback"" cartoon show that teens love to watch",6,Ninja Hattori,5
4,"Name a ""throwback"" cartoon show that teens love to watch",7,Jackie Chan,4
5,Name a reason a person might wake up at 2:00 in the morning,1,Needed to use the bathroom,35
5,Name a reason a person might wake up at 2:00 in the morning,2,Thirsty,22
5,Name a reason a person might wake up at 2:00 in the morning,3,Nightmare / bad dream,15
5,Name a reason a person might wake up at 2:00 in the morning,4,Heard a strange noise,12
5,Name a reason a person might wake up at 2:00 in the morning,5,Too hot or too cold,8
5,Name a reason a person might wake up at 2:00 in the morning,6,Phone call / notification,5
5,Name a reason a person might wake up at 2:00 in the morning,7,Hungry / midnight craving,3
6,Name something that's forbidden in most swimming pools,1,Running around the pool,29
6,Name something that's forbidden in most swimming pools,2,Peeing,24
6,Name something that's forbidden in most swimming pools,3,Diving,18
6,Name something that's forbidden in most swimming pools,4,Smoking / drinking,13
6,Name something that's forbidden in most swimming pools,5,Eating,8
6,Name something that's forbidden in most swimming pools,6,Bringing pets,5
6,Name something that's forbidden in most swimming pools,7,Nudity,3
7,Where do you go barefoot?,1,House,36
7,Where do you go barefoot?,2,Bed,22
7,Where do you go barefoot?,3,Shower,16
7,Where do you go barefoot?,4,Beach,12
7,Where do you go barefoot?,5,Worship place,7
7,Where do you go barefoot?,6,Classical dance / yoga studios,4
7,Where do you go barefoot?,7,Exam hall,3
8,Name something that can destroy a friendship instantly,1,Betrayal / breaking trust,35
8,Name something that can destroy a friendship instantly,2,Dating a friend's ex or crush,21
8,Name something that can destroy a friendship instantly,3,Talking behind their back,16
8,Name something that can destroy a friendship instantly,4,Lying,12
8,Name something that can destroy a friendship instantly,5,Spreading rumors,8
8,Name something that can destroy a friendship instantly,6,Revealing a secret,5
8,Name something that can destroy a friendship instantly,7,Insulting their family or partner,3
9,What do you do before going to bed?,1,Brush your teeth,28
9,What do you do before going to bed?,2,Set an alarm,22
9,What do you do before going to bed?,3,Watch reels / series,18
9,What do you do before going to bed?,4,Turn off the lights,14
9,What do you do before going to bed?,5,Use the restroom,9
9,What do you do before going to bed?,6,Take a bath,5
9,What do you do before going to bed?,7,Listen to music,4
10,In which place are you told to whisper?,1,Library,38
10,In which place are you told to whisper?,2,Movie theatre,20
10,In which place are you told to whisper?,3,Exam Hall,15
10,In which place are you told to whisper?,4,Worship place / Meditation Hall,12
10,In which place are you told to whisper?,5,Funeral,7
10,In which place are you told to whisper?,6,Classroom,5
10,In which place are you told to whisper?,7,Crowd Gathering / meeting,3
11,What's something you would never borrow from your friend?,1,Underwear,36
11,What's something you would never borrow from your friend?,2,Toothbrush,26
11,What's something you would never borrow from your friend?,3,Money,16
11,What's something you would never borrow from your friend?,4,Car,10
11,What's something you would never borrow from your friend?,5,Pillow,5
11,What's something you would never borrow from your friend?,6,Laptop,4
11,What's something you would never borrow from your friend?,7,Helmet,3
12,Name something people do after accidentally sending a message to the wrong person,1,Delete or unsend it,37
12,Name something people do after accidentally sending a message to the wrong person,2,Apologize immediately,23
12,Name something people do after accidentally sending a message to the wrong person,3,Explain that it was meant for someone else,15
12,Name something people do after accidentally sending a message to the wrong person,4,Panic,11
12,Name something people do after accidentally sending a message to the wrong person,5,Send a follow-up clarification,7
12,Name something people do after accidentally sending a message to the wrong person,6,Pretend it never happened / ghost them,4
12,Name something people do after accidentally sending a message to the wrong person,7,Turn off their phone / avoid replying,3
